<?xml version="1.0" encoding="UTF-8" standalone="no"?>
<!-- Generated Oct 4, 2023, 2:52:44 PM by Hibernate Tools 3.6.2.Final --><!DOCTYPE hibernate-mapping PUBLIC "-//Hibernate/Hibernate Mapping DTD 3.0//EN" "http://www.hibernate.org/dtd/hibernate-mapping-3.0.dtd">
<hibernate-mapping auto-import="true" default-access="property" default-cascade="none" default-lazy="true">
    <class dynamic-insert="false" dynamic-update="false" mutable="true" name="com.java.jsf.Login" optimistic-lock="version" polymorphism="implicit" select-before-update="false" table="LOGIN">
        <id name="userName" type="java.lang.String">
            <column name="USERNAME"/>
            <generator class="assigned"/>
        </id>
        <property generated="never" lazy="false" name="passCode" optimistic-lock="true" type="java.lang.String" unique="false">
            <column name="PASSCODE"/>
        </property>
    </class>
</hibernate-mapping>
